feature	metadata	value	coef	stderr	N	N.not.0	pval	qval
Aminoglycoside	Group	Sepsis	1.03055758360893	0.220159430511633	376	376	4.00094173845167e-06	5.60131843383234e-05
MDR	Group	Sepsis	-0.819864647949215	0.204609162863866	376	375	7.42520567914944e-05	0.000519764397540461
Other	Group	Sepsis	1.91013387356604	0.61795865544845	376	328	0.00214405108202729	0.0100055717161274
Tetracycline	Group	Sepsis	-1.0868191978649	0.363356390763958	376	367	0.00296466407530722	0.0103763242635753
Beta.lactam	Group	Sepsis	0.549344902362518	0.276075830730095	376	373	0.0473370648735578	0.110453151371635
Insertional.sequence	Group	Sepsis	-0.640616584227692	0.317487448954734	376	371	0.0443289346074759	0.110453151371635
