feature	metadata	value	coef	stderr	N	N.not.0	pval	qval
emrD	Any_Ab_use	Any_Ab_use	-1.54490663115475	0.458375531933756	135	50	0.000982745568065948	0.170014983275409
blaCMY	Any_Ab_use	Any_Ab_use	-1.39256504451473	0.458192118700012	135	99	0.00285618904249351	0.247060352175689
