feature	metadata	value	coef	stderr	N	N.not.0	pval	qval
MDR	Group	Sepsis	-1.17662937576019	0.362469880770989	134	134	0.00148436101920906	0.0207810542689268
Aminoglycoside	Group	Sepsis	1.10831073365863	0.392891839313866	134	134	0.00553233529191318	0.0331745320252825
Fluoroquinolone	Group	Sepsis	3.09008129149261	1.17368230112533	134	104	0.00947843772150928	0.0331745320252825
Tetracycline	Group	Sepsis	-1.83625880440971	0.690315202842476	134	127	0.00878175293659799	0.0331745320252825
Beta.lactam	Group	Sepsis	1.12245005170921	0.503893316807078	134	131	0.0276036566098623	0.0772902385076146
Sulfonamide	Group	Sepsis	2.00041272960463	0.956331772955361	134	90	0.0383764159106935	0.0895449704582849
Trimethoprim	Group	Sepsis	2.44268351619039	1.51839091347858	134	54	0.110076961138641	0.220153922277281
Other	Group	Sepsis	1.5438319198272	1.00461464814933	134	113	0.126750482542831	0.221813344449954
