feature	metadata	value	coef	stderr	N	N.not.0	pval	qval
Aminoglycoside	Group	Sepsis	1.22071808856676	0.333442231996071	135	135	0.000362316915807019	0.00507243682129826
Insertional.sequence	Group	Sepsis	-1.18341578872133	0.391788123401627	135	131	0.00303036906174805	0.0212125834322364
MLSB	Group	Sepsis	-1.56353549241468	0.619403058994117	135	132	0.0127787460147843	0.0596341480689936
Plasmid	Group	Sepsis	0.785163500911589	0.357372175012542	135	135	0.0297488601486593	0.104121010520308
Other	Group	Sepsis	1.70699431882422	0.872176201123212	135	124	0.0524222604542041	0.146782329271771
