feature	metadata	value	coef	stderr	N	N.not.0	pval	qval
Aminoglycoside	Any_Ab_use	Any_Ab_use	0.353916205596966	0.102953012752115	376	376	0.000652801487264968	0.00913922082170955
MDR	Any_Ab_use	Any_Ab_use	-0.246514598195255	0.0954795559125174	376	375	0.0102087491360542	0.0714612439523792
Beta.lactam	Any_Ab_use	Any_Ab_use	0.281777678808349	0.123822278549982	376	373	0.0234312173784778	0.109345681099563
