"Row.names","Type","Class","Gene","Assay","beta.GroupSepsis","se.GroupSepsis","W.GroupSepsis","p_val.GroupSepsis","q_val.GroupSepsis","diff_abn.GroupSepsis"
"Gene_1507","ARG","Tetracycline",NA,NA,-1.36382462062023,0.483714531439186,-2.81948242605504,0.00481011648327149,0.0673416307658009,FALSE
"Gene_1520","ARG","Other",NA,NA,1.43933789514235,0.626580665350326,2.29713103952482,0.0216112955674331,0.259335546809197,FALSE
"Gene_1536","ARG","MDR",NA,NA,-0.935848303504179,0.359660115869598,-2.60203526110048,0.00926723233781575,0.120474020391605,FALSE
"Gene_1546","MGE","Insertional sequence",NA,NA,-0.936477827951212,0.408637920362142,-2.29170564278833,0.0219226345896845,0.259335546809197,FALSE
